{
    "lowlevel.average_loudness": 0.8391858339309692,
    "lowlevel.barkbands_crest.mean": 13.961273193359375,
    "lowlevel.barkbands_crest.stdev": 5.505728721618652,
    "lowlevel.barkbands_flatness_db.mean": 0.18016210198402405,
    "lowlevel.barkbands_flatness_db.stdev": 0.0736679658293724,
    "lowlevel.barkbands_kurtosis.mean": 12.90380859375,
    "lowlevel.barkbands_kurtosis.stdev": 34.80643844604492,
    "lowlevel.barkbands_skewness.mean": 2.5110230445861816,
    "lowlevel.barkbands_skewness.stdev": 2.1265416145324707,
    "lowlevel.barkbands_spread.mean": 16.805587768554688,
    "lowlevel.barkbands_spread.stdev": 12.915658950805664,
    "lowlevel.dissonance.mean": 0.4536086320877075,
    "lowlevel.dissonance.stdev": 0.033645328134298325,
    "lowlevel.dynamic_complexity": 3.1162619590759277,
    "lowlevel.erbbands_crest.mean": 10.382265090942383,
    "lowlevel.erbbands_crest.stdev": 4.777050971984863,
    "lowlevel.erbbands_flatness_db.mean": 0.16011324524879456,
    "lowlevel.erbbands_flatness_db.stdev": 0.045032285153865814,
    "lowlevel.erbbands_kurtosis.mean": 0.8471705317497253,
    "lowlevel.erbbands_kurtosis.stdev": 2.7288599014282227,
    "lowlevel.erbbands_skewness.mean": 0.4914064407348633,
    "lowlevel.erbbands_skewness.stdev": 0.8048917651176453,
    "lowlevel.erbbands_spread.mean": 41.02485656738281,
    "lowlevel.erbbands_spread.stdev": 20.194595336914062,
    "lowlevel.hfc.mean": 18.392499923706055,
    "lowlevel.hfc.stdev": 21.00380516052246,
    "lowlevel.loudness_ebu128.integrated": -9.947653770446777,
    "lowlevel.loudness_ebu128.loudness_range": 6.034492492675781,
    "lowlevel.loudness_ebu128.momentary.mean": -10.917486190795898,
    "lowlevel.loudness_ebu128.momentary.stdev": 3.1328704357147217,
    "lowlevel.loudness_ebu128.short_term.mean": -10.467634201049805,
    "lowlevel.loudness_ebu128.short_term.stdev": 2.3007445335388184,
    "lowlevel.melbands_crest.mean": 19.764474868774414,
    "lowlevel.melbands_crest.stdev": 7.73655366897583,
    "lowlevel.melbands_flatness_db.mean": 0.2517636716365814,
    "lowlevel.melbands_flatness_db.stdev": 0.09789005666971207,
    "lowlevel.melbands_kurtosis.mean": 29.838380813598633,
    "lowlevel.melbands_kurtosis.stdev": 53.56059646606445,
    "lowlevel.melbands_skewness.mean": 3.7195332050323486,
    "lowlevel.melbands_skewness.stdev": 2.57261323928833,
    "lowlevel.melbands_spread.mean": 17.335697174072266,
    "lowlevel.melbands_spread.stdev": 20.641925811767578,
    "lowlevel.pitch_salience.mean": 0.4374335706233978,
    "lowlevel.pitch_salience.stdev": 0.16688209772109985,
    "lowlevel.silence_rate_20dB.mean": 1.0,
    "lowlevel.silence_rate_20dB.stdev": 0.0,
    "lowlevel.silence_rate_30dB.mean": 0.8432304263114929,
    "lowlevel.silence_rate_30dB.stdev": 0.3635885417461395,
    "lowlevel.silence_rate_60dB.mean": 0.05024666711688042,
    "lowlevel.silence_rate_60dB.stdev": 0.2184433788061142,
    "lowlevel.spectral_centroid.mean": 1189.8170166015625,
    "lowlevel.spectral_centroid.stdev": 718.8692016601562,
    "lowlevel.spectral_complexity.mean": 14.54778003692627,
    "lowlevel.spectral_complexity.stdev": 8.56236457824707,
    "lowlevel.spectral_decrease.mean": -1.3189652925404971e-08,
    "lowlevel.spectral_decrease.stdev": 1.4551344129642985e-08,
    "lowlevel.spectral_energy.mean": 0.05144898593425751,
    "lowlevel.spectral_energy.stdev": 0.05559978261590004,
    "lowlevel.spectral_energyband_high.mean": 0.0008810382569208741,
    "lowlevel.spectral_energyband_high.stdev": 0.0024376411456614733,
    "lowlevel.spectral_energyband_low.mean": 0.03659052401781082,
    "lowlevel.spectral_energyband_low.stdev": 0.05209793522953987,
    "lowlevel.spectral_energyband_middle_high.mean": 0.0033809624146670103,
    "lowlevel.spectral_energyband_middle_high.stdev": 0.004191920626908541,
    "lowlevel.spectral_energyband_middle_low.mean": 0.011974428780376911,
    "lowlevel.spectral_energyband_middle_low.stdev": 0.016491666436195374,
    "lowlevel.spectral_entropy.mean": 7.468225955963135,
    "lowlevel.spectral_entropy.stdev": 0.47052469849586487,
    "lowlevel.spectral_flux.mean": 0.09305994212627411,
    "lowlevel.spectral_flux.stdev": 0.09008344262838364,
    "lowlevel.spectral_kurtosis.mean": 4.738708972930908,
    "lowlevel.spectral_kurtosis.stdev": 4.463562965393066,
    "lowlevel.spectral_rms.mean": 0.006203874945640564,
    "lowlevel.spectral_rms.stdev": 0.003421409986913204,
    "lowlevel.spectral_rolloff.mean": 1052.239990234375,
    "lowlevel.spectral_rolloff.stdev": 1459.7164306640625,
    "lowlevel.spectral_skewness.mean": 1.588407039642334,
    "lowlevel.spectral_skewness.stdev": 0.6054696440696716,
    "lowlevel.spectral_spread.mean": 4743240.5,
    "lowlevel.spectral_spread.stdev": 1440674.625,
    "lowlevel.spectral_strongpeak.mean": 0.7801923155784607,
    "lowlevel.spectral_strongpeak.stdev": 0.7947380542755127,
    "lowlevel.zerocrossingrate.mean": 0.04586765915155411,
    "lowlevel.zerocrossingrate.stdev": 0.04104306548833847,
    "metadata.audio_properties.analysis.equal_loudness": 0.0,
    "metadata.audio_properties.analysis.length": 127.0595932006836,
    "metadata.audio_properties.analysis.sample_rate": 44100.0,
    "metadata.audio_properties.analysis.start_time": 0.0,
    "metadata.audio_properties.bit_rate": 320000.0,
    "metadata.audio_properties.length": 127.0595932006836,
    "metadata.audio_properties.lossless": 0.0,
    "metadata.audio_properties.number_channels": 2.0,
    "metadata.audio_properties.replay_gain": -12.463727951049805,
    "metadata.audio_properties.sample_rate": 44100.0,
    "rhythm.beats_count": 215.0,
    "rhythm.beats_loudness.mean": 0.07339082658290863,
    "rhythm.beats_loudness.stdev": 0.07341013848781586,
    "rhythm.bpm": 101.77581787109375,
    "rhythm.bpm_histogram_first_peak_bpm": 101.0,
    "rhythm.bpm_histogram_first_peak_weight": 0.40000003576278687,
    "rhythm.bpm_histogram_second_peak_bpm": 110.0,
    "rhythm.bpm_histogram_second_peak_spread": 0.0,
    "rhythm.bpm_histogram_second_peak_weight": 0.018691588193178177,
    "rhythm.danceability": 1.2974531650543213,
    "rhythm.onset_rate": 4.469934940338135,
    "tonal.chords_changes_rate": 0.05188162252306938,
    "tonal.chords_number_rate": 0.0036536352708935738,
    "tonal.chords_strength.mean": 0.49839118123054504,
    "tonal.chords_strength.stdev": 0.10321103781461716,
    "tonal.hpcp_crest.mean": 14.908860206604004,
    "tonal.hpcp_crest.stdev": 6.8703765869140625,
    "tonal.hpcp_entropy.mean": 1.8015471696853638,
    "tonal.hpcp_entropy.stdev": 0.731270432472229,
    "tonal.key_edma.strength": 0.7877511978149414,
    "tonal.key_krumhansl.strength": 0.7835981845855713,
    "tonal.key_temperley.strength": 0.7661475539207458,
    "tonal.tuning_diatonic_strength": 0.5548822283744812,
    "tonal.tuning_equal_tempered_deviation": 0.1894100308418274,
    "tonal.tuning_frequency": 434.193115234375,
    "tonal.tuning_nontempered_energy_ratio": 0.9499287009239197,
    "lowlevel.barkbands.mean": 